Game ID,Word,Difficulty
97c795bb-a181-485a-b19a-fb2f5474107b,photosensitize,7
b2da15b6-b5ae-4cdd-b63a-2b93616da536,chantership,6
33fcb553-d62f-42f2-96c7-9c67094325d2,unhandcuff,4
e78830d5-98b2-4678-822f-d122c79fd8ed,misrecital,4
7cba5186-e1d8-49fc-b61f-c6183271da96,defy,4
56adcab2-9136-4a82-b850-c44ae6fe7c76,plagiotropous,8
1191c379-57b2-476b-94f5-3a6a2a762834,hinderlings,6
44986ba7-0a4b-43be-b790-c382720bae36,unvoted,4
cf16cfe7-2db7-4be4-a797-2567a4222cea,bellpull,5
a1a2a6a4-af34-402c-a603-489ca3e2d07e,balancement,3
a24030aa-f484-4450-8904-a84e4a5da1c1,amphibium,6
3cafc9d8-1af5-4061-bcab-febdec040bea,granza,8
ad7a6dd4-bf37-41ef-8b8a-24359dbe3f89,grobian,8
71abf336-90dd-4628-b8b8-c46abb627565,chairless,4
45375115-9ee5-4229-9695-63639870784d,tripara,6
f6076eb9-770b-4da7-a261-b3b4ca9310f0,eptatretidae,7
8ff7b27d-ca14-4a1c-a995-c3af5a84bdae,accresce,6
bf3e7c24-ed31-49eb-8f24-5883e6c34fb6,seugh,5
f7914121-b32c-4354-80df-9cb5a56399a4,sumatra,6
98cfb653-f3c2-499b-b10d-eb9cd1a6ac20,tailorman,3
4f5d7c5a-9367-436f-9eac-39ea3b61638a,propyne,5
a2d213c8-317a-4495-b814-cd4331fed5c0,hypsometry,7
12489083-dfcc-4fca-8193-02ea14505110,precook,2
51f7ec4b-2e76-4425-9ae7-53709be5a01f,sleet,2
eb7d1d69-3e3a-415b-8f23-886277608c0c,nonextraditable,6
0e4e5e15-32e9-46eb-a2a7-e100a5f5b932,anaplasma,4
ea555a69-e8a0-44f4-ad1a-6747cb2c7ce5,stocktaker,4
c574c824-844e-4fe4-8863-d0ebe9f22914,overbusiness,3
8677672c-19e9-49d7-8ff9-3f873722a2a3,cirriferous,5
600d4efd-8d12-4266-97ee-4c71c8baff68,unconfining,3
55b98f2c-3427-4bff-a527-4cf3ee1f7d00,wharf,4
0f304c11-0f6c-46d3-bcfe-fd0a1001b6dc,blading,3
1d4318b6-9932-4aea-a0ff-24f696759ceb,swap,3
23b34307-6355-4fe2-9a5d-345d18cd41aa,alida,6
eac91721-ba3e-4910-bbc1-eb8da5bd022e,andoke,7
c2d2e456-ca4e-461f-94a1-ccb8fc741d0b,iodization,7
11fffc2b-0125-4827-94c4-4171ac22d718,rectoplasty,6
33b06f44-03e0-4f31-85b7-d3bf73804513,gompholobium,8
05063aed-04ba-4204-8480-619bb0a0a20d,bootied,6
2a89a589-344d-430e-9aa8-d74e0feaf185,deduct,4
00201d12-5686-4605-85f9-a81c491a45f2,asperugo,7
337ab96e-46b4-43a2-bc9d-55c28a0676b9,hyposulphite,7
c2498ff4-d9f7-4cda-b7c5-f80da5569e2a,retrovision,4
31492f50-1e0c-46d9-a3a2-fd2db7ba609a,peristyle,6
810ce414-1bb5-41b2-854a-343c8bc84360,unqueening,7
0b4d0c9b-9376-47d4-8b38-a2b85d5fd3fc,unwomanish,8
35bb17da-65f2-42b7-ad40-228cf7992f0e,replevin,6
e52e4263-b81b-4869-91cd-ff489ef91a84,prosopite,7
b5391101-b810-42f2-8a29-63de41704650,cavalryman,6
44f580f9-5a92-4b84-b765-f0c1e96490db,syngamous,8
b5e843c6-d291-4eaf-95dd-923cca90024b,eogaean,8
b61450b6-b9ae-411e-9150-40dc73b62229,slag,3
46ce8dcd-d2c2-4d30-bd2f-9c228b75592f,quarrelingly,9
a824b127-5166-42e5-94be-005a542e44d1,iciness,2
2a705e1e-b930-4ad0-9989-d948fb6951f0,birkenhead,3
2c45e854-cb8d-47d6-8ebf-98fb811259d1,shillingsworth,6
1519d6da-4151-4118-8774-6d745bbf0578,hawkbit,7
a581d82e-bc47-4683-91de-1db97906f798,communalism,6
1f1a5139-fc02-4a70-9442-19e6ccf3fbb4,cardsharp,5
0eb3b706-2034-40a9-988b-1ff7a864add2,symbiotically,5
0d584ab9-dd42-45a9-ae20-da24214f1b3a,arsonate,4
e010b3a1-974d-41ae-b9de-5873c2c827b9,vapid,5
888fdfe9-4cae-45c5-a6d8-87028f821849,transmission,3
42408657-b600-4012-ad9f-2f73a35b45cd,perianthium,7
87c51d2b-91e0-4a27-9121-4fd566d2f525,geotherm,2
7dc69df4-69c5-4110-b573-823c942116e9,uncrook,3
6704d3c3-cefd-4ac9-b24d-39dd63166e4e,actinostomal,6
406a9803-4b6d-4c7f-a19a-b07986a45ba9,untemptibly,5
19a2983e-887d-45b1-be7d-7cb95587ac0e,hypervigilant,5
09b11b6f-6459-4dee-97b7-cb83fac5ee77,mathematical,1
df081b7c-8f48-46f0-b355-91dd9995a095,nocturn,3
c68807c0-b7b2-440a-bd63-c6b7929323fb,alethoscope,5
32ab32ad-2e9a-44ae-8a90-b1149deed160,callet,4
e394b7cf-5f87-46d0-a47b-728480a135bb,graining,3
6bce8892-255c-4707-92a9-77f81e9e1b2a,sibylline,6
bc7dd9fd-60c1-4b2f-98e4-7736424ca157,girlishly,5
dca14cb9-ab56-4c1d-90f3-28dbd291fbe4,sargonic,7
b4bd917e-1247-4018-af23-e325e56e0b4b,toby,4
f1eb2051-5804-4645-b652-fa537bbf94bc,incoherently,4
b84717c4-c482-4262-9223-4bc28273b37e,grammatist,5
a1adace8-00cf-46bc-981f-176f475ec6cf,paintless,2
ee6beeee-bc09-4ec4-b712-b39e3123353b,augitite,4
f5452c67-f671-47fb-b58b-1cb650cb7f37,madonnaish,7
24fb7b4b-515a-4a63-acc9-f46d71a4e0e7,nonpersonification,6
8cfc2373-5f65-4055-b29c-9fd79ae8ac84,nonsensible,4
27b6d730-ea41-46ac-8afa-7a6773a36400,hudsonite,6
9d79d132-1f00-440b-887c-6845df476a9a,systematization,7
f3f83e10-2304-42c9-9e6d-4fff9f56d445,artificialness,6
74b1fa84-7f51-40fb-9348-3f1eee0b1178,hardhandedness,4
0066ffd6-362e-4a9c-b5c5-a851a2f54ca6,surprisingly,5
e0c94346-ab80-47bf-9dcb-09795e9f19ca,sarbican,6
38087646-9158-48bc-a825-adc0565065b7,munnopsidae,7
956ce8a7-611c-43e5-a952-7a7958b97865,coppering,5
c947980d-2985-4e3d-b7a8-923b8d85754a,sanatory,4
2740a9f2-fc2b-40cd-8dd7-3a7c9b88c796,uprightish,6
b831b8d7-caab-4488-8ce1-38d29857bd40,berth,3
71990949-7287-475b-9f9a-7c27f3a40276,freed,1
50e7495b-f251-421e-b96a-6edb11f2556f,ozonometry,8
cdb2c129-d982-42e7-8b66-754375d9189f,supereminent,6
40f2476f-46f4-40cf-a196-2ef8490c7b13,spatterdock,5
de300532-8b2d-4be2-ab4a-0a104d633491,suppletive,4
424c30b1-a213-4367-a341-d92f71ed68d1,allegory,4
1deb3850-2eca-4763-baa1-a92f9d5b3175,vassalic,4
fe16683c-8e5c-44b5-ba30-9791c804b8a7,guldengroschen,9
5e931401-58c2-4028-b2f9-0a01ab578f19,sagittaria,7
50a7c243-d2c9-4a2c-92da-3fa96ae2f249,geisha,4
cce10549-6df8-474a-9d06-20265f0903d9,valhall,3
50bd4420-d053-4581-aaa1-00b9117c94a7,presbyteress,5
28e442c3-dbad-4dec-bf44-cb8313127329,sower,2
f27aadfc-7561-404b-bc93-ad7224b33fa4,teleodont,3
e4ae716b-dcdf-48de-8185-7c82cfffa35c,unbenetted,3
e94bb586-d3b3-462b-bc4f-61e218caa622,dipsacaceous,5
bcdd1de8-dd54-46a3-bab4-fc45a75b33e9,anglogaea,5
68798332-9e1b-4045-b881-a5e785fa3694,vernalize,6
9fbeec66-bcdf-46a9-9cc6-23d9604360a9,pickwork,5
480e6f7c-6d56-485f-8a12-7b852bdede20,oversleep,2
8ae69190-74e4-4d47-9ef5-510c0c333c05,unvatted,3
0f42f20f-790d-4575-a2a0-6c3b6b402f55,moroxite,5
7e9206ca-7c9b-4c16-9e1f-5165f18c9917,barbitone,6
2d8f385d-80e9-4a66-9c60-6f1aff750b2e,paraguay,4
71671234-7c5d-4b34-8258-c3feb0b6fc10,subbromide,6
6dd31fdb-1995-487f-9ffd-2bfeaca6d3b4,recumbently,7
0c26a99a-ebb4-43eb-9788-2cdc7c02f077,storable,2
696d358b-ac0b-4ea5-b1c6-7ff98edf8a50,pipecoline,5
af753e86-9c21-4d55-bf9a-44b6fd8f24f1,octavina,7
82e40497-4aeb-4e0f-a8bf-02ca21ef0e57,vulva,6
944c1211-584e-4df8-94fd-31590455d62c,calyx,8
b5c5a345-d01e-410c-8fa3-ab05bfc280d4,onset,3
a8bdcb17-fc22-44e6-99ee-e73d4f107973,beneficiate,3
d7813c50-8772-4e98-8c15-e0d0e90966c8,yangtao,8
2e0d7dec-de2e-40e9-b277-b6b691583e4f,phyllomorphosis,9
99b03bd2-ec2d-4d49-9712-8bf0730f9e0e,collotypy,7
6880b91b-40b5-442b-b1d0-9dc4f72d4822,sesquitertian,8
c16617ab-e674-40ff-9585-72f11ed4cb6c,amoyese,7
aad08b9a-bb57-4b53-a7fb-8670f9741e6b,myoxine,8
cf9dd470-2d75-4f16-8fed-935d814be514,perisplenic,7
9b771b0f-2094-4d06-886d-98615cc4e085,subcontinuous,7
09ffbfbc-f1c0-42ad-99b2-6d1faa7a9673,girouettism,6
9b28bea6-8243-4636-8a71-acb45583b980,paraplasm,6
ca8b3457-fa38-4ad2-9862-9416705c007e,scyllarian,8
d4d21d12-6e01-46dc-8037-ca7c312eb72a,sizing,5
b66fd608-b0e7-404a-85bb-c92a75b84037,nonputrescible,7
a1187372-b518-4706-8453-99d7d67c8ad8,karo,6
3d37e260-0b4b-473a-816f-cf8cf847c49c,kissable,6
c67f9ef4-9272-4fe2-b635-59f4bb620ed4,sciuridae,8
f349ba0b-2d2b-474e-9c2b-a91f1852fd26,anticardiac,6
e82b43aa-2ec1-4323-a685-d7afe516ce51,introspectional,6
1fafdb99-c367-41f0-b0d5-0f2f17a467c5,churinga,7
d828d6f4-020d-4559-8839-fcd6f2905635,cocashweed,8
7edaf8c6-61ed-43bc-8217-973f6fdabe9f,turriliticone,7
a1ac1ade-05eb-4315-9976-c625912b38e3,versipel,5
c80a6eab-ace5-4063-8d07-52528ccb6ec8,crotonic,6
4c395666-55ab-45e3-8b5d-b78c66a0188f,unwading,7
a15dba2a-2b61-47c0-8df4-0258a19a40b1,transatlantically,6
968d888d-d161-49a2-aec5-3a6043ae9e64,returnlessly,5
d1829acc-b748-4b56-8868-1e512d3cf034,undiscipline,5
dde1455f-f5d1-4fe1-9422-089cef695ef0,procreativeness,7
5b8c6879-67af-4d2e-b659-5c378983973e,sulfurization,6
a823508b-eb38-4c35-bdb3-2aac56b8d445,ana,2
f0ae74c0-45a8-4ac5-a67a-f2f16334fb48,electrophysiologist,7
866bca32-c06f-4583-a460-37f942e1bef8,strabotome,7
407689df-0240-4666-b217-b54e161b4d98,testy,5
9a917367-cb43-402e-8507-0d960a489ae1,vacatur,4
7a0771a2-2a89-4857-b3eb-a947ed7f47d1,hilding,4
98dd0161-27ed-41de-acf5-2432d9f8d683,rediscoverer,3
594e6583-5bbd-4b90-ad3e-0dcca20a22b1,boswelliana,8
ac468fbf-b3e3-447d-8b3f-715a101cead8,sarcocystidian,8
186c256c-77cf-42d9-95f2-be22cc3ac2e9,salamandridae,8
29e3ecfe-d403-449d-ac2e-fa700de2d649,teletype,5
140b2607-40fc-4073-8262-6fdd23de54a4,impenitently,6
adda122f-9e42-40ee-bf32-cccdaacae257,cerebrifugal,4
29bf2f67-b857-45b1-b34d-7bec7c1c1a39,phantasmagorian,8
ec1e0013-8f29-4be8-89de-57f3d7366d17,superclass,2
492a1dfb-d9f2-4c86-93fb-385bc1771463,unoperative,3
ca64c1e8-2da6-42c2-9702-2b545f939e90,lunulites,4
bf87d80d-4bbc-4a3c-9f18-0704286d444d,essenwood,4
e25cc0d2-c173-404b-9e81-790ec342e457,congestion,3
b2c99ec1-ffcc-454b-9f0c-61afddb64129,matrocliny,6
4c7eee93-c9c5-465e-9451-5fae4f7db48e,upflame,3
6f0ef15f-d6f3-4531-b6a5-871f3ab0724f,fissural,5
3f7771df-275f-48cd-a4b1-ea6a48239680,enterotoxication,7
92826073-df7c-48f4-bb6f-fca7669d5ad3,grandeur,3
8fc870aa-61b8-4dc3-a3c4-4a69a7b8041c,parasuchian,7
6196ad81-c76d-4b72-973e-5436b5b98f61,unseparably,4
e1789682-4ebc-49f9-b7af-193c920d25d8,compacture,5
9a0c4369-80b5-4c30-a9b2-b37bec77fd5a,ovariostomy,7
bced098d-2a85-4dce-a8ef-83f91da20ca8,accumulatively,6
f791798f-b0e8-49b3-968c-bc2577e5eae6,amplexus,7
2958fc9f-b8da-4c3d-b1ab-93ba9c8e070a,measlesproof,6
830b6fb2-94a3-42f4-ba47-21366b33c430,deliberateness,4
1e3ddbc6-f7ff-4f53-9279-f863862dbd33,gesticulate,3
3fed6387-4b8a-4f13-892d-df0be05fbc9b,ronni,4
35c2c59b-b110-481d-a745-3987fe125965,parapsis,4
cec47783-e350-4a5b-bb6e-be6b292240bc,epidermolysis,7
1529e1ab-28e4-4f3d-90ae-5d37adf9000a,monostrophe,6
4ce0706a-0914-4ea4-8a28-dee97850ed1e,monochromy,6
0e60e045-a3e7-4f31-b673-d2acce4decf7,thermosiphon,6
14c41302-08aa-414b-86e3-d0eb8f4a5732,tachycardiac,5
7dbed4a4-1274-44d6-8fc5-30fdab9e631d,constrainedly,5
80b2d237-7960-402c-953d-319eeb38500c,octamerism,5
88ba4336-06f7-4f86-95ab-64f6ee82ead9,canterer,3
fc7abeeb-47e0-4673-8ca6-530675b0f19a,unburrowed,4
b8216e0b-d85a-4b20-8d25-97800fa450bb,opisthodomus,7
c9b3a7c5-7a30-4fd0-9e14-527812e322bc,vansire,6
658332a8-5585-4c0f-8baa-9e20cc014da9,reconceal,2
1a4559b7-91b9-4e0b-af9f-54136af174ae,footgeld,4
b4e01a70-8a94-4e19-9e9e-331631dd51e9,calycate,5
11d25880-69cb-4709-bf44-b3bb0a00259c,toolholder,3
7de5b365-bef3-48e9-bf83-f551c3eff372,generalizer,4
701cf25a-7b4f-4209-b5fc-8c372c99c0aa,favillous,5
e38b800b-cd21-46d4-bc72-d149ee3ebe93,kinesodic,6
2a3252b1-25a8-45a5-938d-748c8312d444,spinulosa,5
66f0a4ff-f2cf-4eab-832e-68cbde2d849e,unwakefulness,4
0a4713b3-2856-4c5e-bf08-b7dd55108348,philobotanic,6
a6fdb2da-e1d6-446e-ad22-c8f3354225ab,chromatic,5
dfb113f0-5415-4bb3-93de-53a70e387a90,waterish,3
9f7c36bb-5acd-4dd0-a849-9e157d2b75f3,smack,3
0044b259-454c-4e59-a4e8-fb9ac178890b,mahoe,4
26d34a8e-d249-4b4a-9802-957cc82716f9,capreol,4
a6bf2375-0371-434e-b498-6e3f88502928,bygo,
d1f81902-ce8f-44a8-8614-3df540db04b1,diacoele,6
e9223fca-3520-46d3-a13d-0d7b372db0ac,cryptocarya,7
1d9feffa-4069-4656-9690-ad4d2a3cb7eb,silicon,3
9c2d81b5-329e-44dd-af4a-1b6ed670e961,unmuttered,4
0909a18e-824d-4cb8-9050-0b5d631ae5bb,anthropophagism,7
af650fef-0aab-46a9-9255-1a39e185f765,visceromotor,7
91ee78a3-070e-4902-b569-336ef6ef45a8,karakul,6
90bb0637-b6d8-42d8-9bf2-a647acfc432a,descriptiveness,6
7dd95801-be6e-44fb-a470-119d068ddd27,feeblish,4
b2fbef1d-ad97-4c99-ac8e-ae1aa65ee5b0,subspontaneous,5
1f59fdd8-e089-454d-ba4e-8db35d165024,gesan,4
d94a55f0-1456-4da8-9d64-3ad8e25663ea,cantharis,4
326473b6-b2db-48ea-a2a3-8ac7f4b56d06,unprayable,4
b186b1c7-aaab-4d35-bfa5-1d6edaf10b47,this,2
4ec58d2d-01b9-4ada-bcae-50326fa73810,minxish,7
631e96a7-832e-47ac-8fa5-34c0122bcd0c,sectarianism,6
093f4956-c69c-4212-b802-01e10eba563c,jugerum,8
8030ab12-2fc2-42c0-a1ef-798d59b902ba,pallasite,3
943ed212-d253-4237-88ce-5320d6802bf8,emotionable,4
b8623b74-b060-416d-8c9f-20387a2ba05b,muskogee,8
09d16152-b67e-4e66-b9f1-f726e4b7b824,indigitamenta,7
cb9eac44-e53e-4996-bf91-8f62961e04df,undefaming,5
f6ee4914-ea84-4711-ae59-3887c21d2096,puberulous,6
f30ebe51-3bae-4a08-901a-03d1f1931096,agdistis,7
3c7ce40e-284f-47b3-a337-a08ef355c867,mislabel,3
77485d54-bf40-44cf-9b79-832ac89ea8a3,axes,3
c8999b54-4ec3-4ce5-a5d6-d88c962c60e1,admeasure,4
d0cd3dc5-9b75-4204-9b85-16089033af37,absolutist,4
73e2e802-711f-4e57-991f-60325a950182,harvestry,4
91c74ae1-712f-4f59-b324-24bf82f80927,pecked,3
a1606411-45a8-4db0-9020-ce18ad1401b2,slipshodness,4
6f26f1d8-16c1-4341-8831-7b1e03f694b2,acme,2
0166a8d3-0633-4a62-a766-9d183738942a,recriticize,3
53670261-7aa2-4837-80f2-5a09ed1d167b,landsale,2
611c6963-7ff7-44d0-abda-939d5293db80,retrofrontal,4
8115b85a-02c9-43ac-b135-265afae00c12,perturbment,5
9ea5eec5-f0a2-43ac-aa53-fd74584118d8,optimistically,5
68f156e3-4b96-4ef7-b12c-7393269cb8bb,nonbookish,4
6b863889-db5e-428b-8ba2-2d982d8d6128,anomy,4
0e33df6d-04c6-4619-bf67-5f178a74d6a5,sixthet,6
966aa9fa-f78c-4b56-b304-a137dce9600d,stereoneural,6
22707a94-1b00-4e40-a170-d5f5cb7bf18d,myoplastic,7
7d08449b-9b4a-4206-82e1-46eec4d6d9ff,lexicographer,8
45b39769-88b5-4060-b87c-cecff31b0935,sophism,7
96737450-0ad6-403e-8072-aac450bacf30,nonreactor,3
4c29b296-4f6f-499a-bb01-0fe2085531ac,googly,4
1e323adc-91e3-4369-bed4-3dc1a60c369b,improvingly,4
8eb3cc44-92fd-48df-8eb7-10bf26057df4,aweel,3
a4cac72c-798d-480f-8b2f-587ea59d7307,oligophrenia,9
ff60df9b-aff6-4f86-859b-ed30ed792013,nonelector,5
373579f5-8279-4ac7-b628-ec04f287bccf,micrologic,5
abb5736c-888f-4463-99ea-71fad31893c1,pollutedly,6
905b1e7e-defe-4636-8a28-44308c634eeb,hemophthalmia,8
e9921e8c-7075-4a22-880a-d9e9a56b3b3f,couchancy,7
cc55f3c7-96cb-44bb-bcc6-c55a0ad86871,oxtongue,7
4295d48c-55c3-443e-9097-8a9822aed12f,overdilution,6
1082eeec-50a9-4b3a-be40-0ce8181227d7,hatchable,4
1213b156-ccdf-46d9-992a-b4bdf40748fe,holt,3
fe175199-6d8b-4799-a7ee-b625f9241921,rethatch,4
b3b99bbf-b009-4725-96fa-bead57f1aa5a,sulcal,3
20cb3672-a691-4e41-b195-41bf530b5420,stammel,4
dd88bc04-2df6-4325-acdc-e6b40fccbdd0,hygeistic,7
716fa9ef-fc62-4571-a39a-c55e74254eb8,notebook,4
a50bf826-9926-416a-b8a6-b68309368ca8,remede,3
0069b9fe-dd36-4a27-abd8-f6880430e2f9,bravura,5
e39cd895-8d71-440c-9e13-e7baddc1dc2d,brunch,4
a0c0e193-ba81-47fc-a42b-829588a01eb5,nonvindication,7
50605e21-d5f5-4283-81f4-73838ff4eed0,bombardment,5
7d0613c8-a0ad-48bf-ae1b-7769d667d827,hygienize,8
b04262b3-e4e3-4840-be18-744040ee640f,jubilus,7
0cfc18a2-92cb-46d3-b935-54f4acceb303,plenipotent,6
8c8538a0-bd8c-4e36-9703-84aacf0fc8bd,inland,3
a6a3d3f7-881e-4d8d-9aff-423a44df2437,achmetha,5
ddde41c9-0d25-4957-a1f7-703f7f39bd7f,caesuric,6
37285909-05cc-435a-8645-80aaebb0f199,potently,4
e8982d30-dbcc-4911-a45b-c1797c6c4f6f,joviniamish,7
651d4b1b-b573-4dbc-8f51-cceddd7c91c0,postmutative,7
154d151e-aea4-4e83-928f-5ede66ae6ead,unluckiness,6
d627d798-a1a4-4c7c-b433-96ec5a20ecdb,mercurialness,7
fd9a5f34-f873-469b-b119-4b05e41c9bff,foliobranchiate,8
0f76a0ac-3a40-4566-86f5-3b9f4e4154ec,thrammle,6
7a70ee33-1a49-499c-8da0-fbb00e2004ef,seedman,4
d2061490-51f1-4dee-867c-afd8872c9143,mucedinous,7
f8f2612f-2e67-435b-a739-1cc81c7e9bc5,sweat,3
a500bb53-f472-45c5-a2f7-500322dc9949,recipience,4
a6734269-18b9-49c7-aa07-7b9bb5effcd6,embrocate,5
05f3436d-5f52-48ab-8fd9-bf72a2cc8e53,logarithmetical,7
2f805f33-7966-4ec4-b126-8c2602c40876,inflexive,7
8c169621-6e76-4069-9eaf-531f98f82f5c,hepatica,8
af9e28f9-8618-4978-865d-b667dd0543e1,prologus,8
266a4080-9980-4bd8-8c49-981f910dc80e,vallary,7
61db2a66-7425-48fb-afd5-3a800b4aa55d,conkers,6
f86a2d1c-6902-4505-ab0d-8197767534d1,bivalvian,7
bda2e069-cea9-4e5f-8d7b-d3492b5243cf,gervais,6
8fcc9a7b-8830-4f46-a9f6-23af7f1aa45f,lechea,5
62876550-565a-46e0-80ad-c222c6a4837e,spread,2
cebc7223-52b8-48b3-9398-9cb2144e90db,parthenian,5
dd18b359-9fd6-4362-898c-192d57517098,kahili,7
284ed488-998e-4e1f-8c53-2be643d8f649,car,1
00132734-b5d0-4f62-a82d-090ad01b36c4,miao,3
b66d1519-fba2-49f1-a706-964790dad853,inaccessibleness,2
cedd3ebb-6cfe-4ac0-b7eb-79b4746c5116,chemoserotherapy,7
3a261b45-5681-4129-8f57-ea9e1744992e,alnus,6
19757d6c-9165-4158-b13b-c25c057c906e,pelecypod,8
5929de5d-95d7-4c35-8a46-c0d51ce27891,elcaja,8
1fd63673-aa83-4752-a13e-5018e304b487,maimedness,6
dff52550-4155-4e52-94e2-46f3f207babe,fissicostate,7
39443275-90c4-4618-8c47-7dc0ca4f12d1,narcomedusan,7
49208f9b-5426-49d9-8f8f-1520494cbe34,bristlelike,6
c3a8abd4-8693-43fe-a60c-02ef8e9377e8,metin,5
65563b4e-8ab8-413a-bf1b-669ed5b7ab15,juttingly,7
71e9967b-ddff-40b8-9b63-d07c6088b4b6,unpinion,6
ab6a7021-6ee6-4830-ad73-68a24366952a,chronogenetic,7
b6d32c38-a943-46af-ad04-63e36f6f325d,phthartolatrae,9
2bf95781-395a-4865-b16a-e331b96ba685,unfronted,4
12cf935e-e8e9-4b18-bc91-7b86778827a5,magnetify,5
6f56e144-725e-42f7-a77f-99bfe4a26459,boxbush,7
55b3c782-d5ca-4fc8-afc6-592214fc5e7b,bonapartist,6
d6e8cc5d-72d5-4ce5-ba81-2747b9bcc58e,subjicible,7
a20716b8-e987-4c97-a409-b074f00d8b35,spiker,6
7180191a-7c0e-40b6-8f01-5ba6f215c01c,basilosaurus,8
0cbad528-452a-44cd-8cdf-91b045c60136,precut,3
92465c1e-7545-4425-9038-9d4461d7bd71,asperges,3
6fc49920-e6c4-46b5-9c6a-b11e6d9718a6,quartation,7
c373f150-d462-4dbe-83bb-426605e6c09b,frondigerous,6
580d8fdf-0b60-44e2-a779-c0445f5a1c40,granulative,5
b681f703-0177-4db4-9a35-5e0ddbb1dd61,sulphocarbonic,6
9c8dc1cd-edb6-4c69-add3-30c53896084c,noegenetic,6
d296e749-b2e9-4e34-a52b-247641c86c8c,mesmeric,4
60260152-3588-447c-b11e-609f17235214,outborough,5
55a57645-1d49-47fb-a7a1-15f46ce6b668,oncosphere,6
368c5231-0be6-49fe-bee1-72d29eb3c12b,unhealing,4
4505a747-bddb-4e34-88ac-d3fdf4f13dea,grainery,4
45e2f2c0-03dd-4b05-b51c-c0caf3f7a14f,withwind,6
58da076c-048b-4c7c-a565-0aa83d91e019,kenoticism,7
229840fb-22a6-4bcd-bd2a-c5962838f9ab,valance,5
9429780b-39bf-4044-953d-d6dfd9e33cd7,metallography,6
505ae8f2-8f90-4b47-83e7-bab90b022d3d,ungirded,5
5e500966-b267-424f-8c9e-0fa7c6514d07,sternotracheal,7
eabcdb33-eebd-4813-b930-128adf1796af,renography,6
59a8e896-2baf-4477-9fb5-bfa7ebdc7df0,arche,2
572a73dd-c6bc-4140-8120-a916907471d0,protostrontium,7
70191c3c-3b77-4fa9-89ed-6a5b36c8ad92,nottoway,6
f736c64f-520e-4f7e-96de-ae5e37be56eb,agnoetism,8
2c63eebd-f8e8-42db-b0bd-d8c813ed8138,guti,4
5bb67621-69f2-46b8-a714-8e6d4c1062d3,coheiress,5
07e55fee-e4c1-4b70-8c8f-4a610c1563d3,pedatiform,6
23d8663d-4a50-4d22-b4d2-de167ec679bc,tetrabiblos,6
2136bd5e-0b9f-44a2-b408-6144d694bbb9,beshawled,7
c20a4e56-075d-4fe0-916c-67a6c3d57d7b,globulariaceous,9
c358692d-3e53-4f2e-b720-052951acc08d,autographically,7
099f77f1-c952-440a-bdd5-3bad414079cb,stoven,3
0276d026-f705-4ec0-84f6-5de0b7f91437,aldazin,6
1f156e69-c870-4f75-8180-ec4ce21e9ecf,blanketed,4
fe6d442a-020e-47b8-9941-6b3ac0fa6b84,tabulated,3
99323ba2-4cc2-4570-b08c-20875f64f13d,valuate,3
10aebd5e-afa1-4518-9dfc-e74d4a924f1b,hesitating,3
14423026-ec88-4097-90ab-fb3497932730,bracingly,5
200ca718-491d-4ae2-94f2-b54b5a6e9d0f,periplast,3
c472be72-569d-455c-a3f5-cc615acd1869,multurer,4
bca89604-715a-45bf-b41e-a1b9f50cf0c0,cad,2
0e91b7a2-a0ca-4d95-862a-0116899ca588,capot,2
340d5582-f90b-4f45-88d3-bd081d8fbe0e,nebby,4
1e554e0b-52be-480c-9649-5302c429e572,trisilane,5
8d37011d-f459-4a3c-a45b-c37ef69c6346,championlike,4
229a2750-5e42-4190-9bad-4b5509a91393,superstate,3
3220570b-a011-4355-8627-c6712e4066b5,alone,2
c377ce5c-e389-43d5-876c-5f482a4dd3d6,unchildishly,4
7219a70f-3228-4cbb-9fa4-cf6e5734bcad,phospho,5
2d085e54-dfb4-4973-937c-ec499ff5491d,argante,4
09548efd-1934-4c96-afc4-bc751266fc1d,acanthopomatous,8
f15838aa-2954-480e-bd79-89fbbf3e03ec,azilian,7
ced8c296-095d-4e33-a210-8fbdcc5f8c1e,semieffigy,7
a12f59c2-00e6-4258-b816-e63b1a0c5f7f,shepherdry,7
c6fe570c-f8d7-42bd-ad28-63738d9d87e5,nontheistic,6
2e9d0da0-267e-4d51-b153-f27518d4ccd4,pendicler,5
e0e90625-5323-424d-bd9e-019c7d953764,picris,6
42a415b7-d20a-4ccb-a167-7b0a7df98208,highliving,4
f69c8647-8b5c-4e4b-9bbd-68ad1aff64de,sphagnaceous,7
bbeb1b28-58d7-4d93-9e05-74c1281b7ff6,ephemerist,5
6c1b1349-e496-4249-b664-d1b3a01fdabb,churoyan,6
b4f036f9-fd89-4450-9b9e-bf4813f84b53,predominator,3
5e6df53b-fe84-48ef-932e-d986ee1fa617,aphotic,4
f35f2c61-fde1-4baf-aa3f-7841460c1f9c,mesopodiale,5
c58a8ac4-1735-42d0-bf48-f6858f1bf1d1,sculptograph,7
876095cd-d69a-4547-962b-59315f7246db,acrasiaceae,7
84be1782-67f8-4484-b1ce-aae61b363ecb,propitiative,6
2d43bebc-d81d-43a8-bf8d-3d4a1cf90b28,justification,4
b28dddc1-7efd-49eb-8327-eb567dc25349,lollingite,6
1824dd45-01e8-4801-bc28-81b984a97501,helvetii,6
a3e7bae6-d690-4d10-847d-8cb57c6c13e1,binomialism,5
76417427-ac36-46c0-b0ba-3510d63c863f,sensed,2
b6cd1d35-5e62-4fd0-adf3-d1bb6ea4e874,unloanably,5
82541c6d-e8b3-4f25-af80-e612d303261b,textural,5
8b0f8577-67cd-404f-b279-130dea8e29fb,duplicident,4
44f70b9c-f644-466b-a5ce-7c77a791249e,phoneticogrammatical,7
20b8ecb0-e733-4061-9682-fecbe7d79c8f,pip,3
6dfa5365-fbac-4af1-8e5a-370d1e745a55,hinayana,6
920f26f4-ddf8-4712-9fa1-6b99ddef7866,limuloidea,7
12b08bbe-47c6-4b3b-8259-0734408d44a8,unliquid,6
9a664f33-b3c3-40d4-a001-42746d0cebeb,overtumble,4
099fc49b-885a-4dfb-98b3-7cbec331ecc6,accomplishable,4
3ce43c38-e003-4f33-b5ee-e4a92d5902f1,changoan,6
d08d8484-4f5a-4051-892d-c22bf5b7ea9d,manfully,3
46106582-b7c1-430c-83be-4fffca6dcd4f,earwigginess,7
fd86871a-67f5-4ffe-b677-9dfb9b3095d0,parsimoniously,7
a1263027-999a-4073-89b0-a90ef76ec01e,cystenchymatous,8
4de7bb9c-addf-410e-8fc4-6a21e8684220,hibitos,7
3bc36696-ff71-43ec-8c04-681fb35b1348,beetroot,3
54e2309b-7a1f-4e6a-9c9e-c5c89895d566,maladroitly,5
bd95db1a-05f0-49fc-b544-e0442cbacb9d,heartening,3
858020f4-25d3-4986-aaf0-4fdecc62090a,outbow,3
cdc07316-2b1f-47cc-9c93-82d551dc7f24,nugacious,6
2e1672cc-f2a2-4fab-ab75-e18eea29c6b8,rebukefully,6
80ee42ae-d9cc-4b4d-b85a-622183053880,porphyrean,7
5fc9800b-557f-4e12-baa5-e7bb047de326,shouldering,4
622e90f8-4fe8-4a01-80cc-5d6dca36b113,foremean,4
ab510108-d0ed-4077-85f4-f30e8a3c8fb5,disregardfulness,4
3188786d-8152-453b-8bee-e388bd6e2c23,pseudocelic,6
bab16048-e1c1-4e49-b49d-e48b7adff724,epileptogenous,7
f834ae91-55db-46b3-897b-9ad4a10be73a,zat,
154f9c09-e869-4c1d-8564-4fd962aa1805,hyperbulia,7
53a54b4d-c89c-4e2a-8872-5ecdeefc3935,shiggaion,8
bf37348a-8d82-48d6-9710-7f1ca0457655,chinantecan,7
e27d7c9a-a13e-42fa-b711-407c57583a91,unbeholdable,5
fc8f2d10-f4d9-4707-bc62-365dc401c02d,translucence,3
2422cd44-602c-4a0a-9015-23194ebc0ab4,million,4
88d18055-5eb6-4ebc-8169-6f5a11b15473,tamil,4
e88463e9-cc37-48f0-b399-576e900cc4de,degradable,3
a2f2026f-5313-4049-ad58-dc13d96c77fa,autopsychology,6
787ecbf2-2353-477a-b0c2-34ae8270881c,laggard,5
df3e6bd2-6355-43a2-a0a0-73613b8fb6b2,procerite,5
1b7c866a-2e33-4a88-9e88-b3d97740a5d5,shilfa,6
80ce7109-df8d-416a-aeff-db7e765449b5,celastrus,6
74547346-cedf-45ef-9bf8-6efa35276e0b,dulosis,6
f03b3ec7-5989-485b-b1c4-e6e5eb14484d,scrutatory,6
17d7dde7-4bda-45fa-b50f-8d28fb051150,bridestake,4
ab578357-b267-4131-8377-ec5e1780c1cd,alcedo,4
b82cff39-c6b3-4cef-9796-3e32e24be0a1,nervy,4
3f2b1042-9e07-48fc-bc6c-738463be1014,hammock,5
7872fff4-426e-45f2-a9ce-1b48a77af205,suggestiveness,4
b3d1bca5-ffaa-43b7-93b4-42f5adfcf0a5,sightly,5
3e45fdef-f73e-42d9-b3b8-c4ec123e3272,zoologist,6
f140220b-02a4-4c1f-9e07-378801853748,verticillus,7
caecd7be-d8f5-4c03-ba54-03a2a6e04834,zecchino,7
c304cd01-d775-404f-b323-aff14dca2350,marceline,6
e2c8fbd0-dfe1-4411-847e-1d58f52b1857,ninetieth,4
38236c50-a10d-4c8f-8a5e-b415c8b6702b,holocarpous,5
fb1fff95-7d6f-4339-8c97-356ce9d90176,neuromalacia,5
e363b9ac-0726-4881-b563-7fe7141b2189,platymeria,6
a8e7f83d-c96b-4109-8c20-a416398009f1,valetudinarianism,7
ba387115-2b2b-4ebc-8828-8710d1ded6dc,bellows,4
ba8138fc-8934-443f-8d3a-3648a08e37bd,turricle,5
e58d7f40-fd9e-4a51-b06d-91bc9c4742af,squilla,6
9e099770-ec2c-406f-973f-800954f8a3b1,quietive,5
5b1a0956-9abf-442d-ba01-ee38e1c1990e,sisham,5
bb2fe50b-17f1-4209-a48f-b08d17dba03a,bridgeward,5
96a2f5f0-3459-4df0-b570-8bf27387426f,despisedness,4
7248fad7-40d9-45dd-9fa1-fe9147cb5177,regnancy,4
c39226fe-f37c-45bb-888e-e5ece7984119,auletes,4
bd2c0e9b-f1a2-468c-8b1b-ff9575e96f36,nanocephalus,6
e061a582-97f2-4a0a-9177-456f6c7a5972,germanity,4
d5d4e28f-b2fc-44ee-80ff-0299734e9f58,anthraconite,5
3950d9e8-4a3e-415f-8d36-834b88f02ee3,morphon,5
ba62a8a8-816f-4e3d-828b-64c51c670262,chasing,3
30f5a600-b639-4874-a3e0-40abdf6dcc57,remeasurement,3
ba426e8b-b85a-4a11-9e67-f65763df1fed,unteamed,4
4cd87bc8-c159-434b-9f2c-ea5584ea487a,nelumbonaceae,7
28432cda-c48d-4f89-8f46-41cd037032e9,cyclamin,7
6649d9dc-272e-415d-83b8-83f668712e84,biologically,3
6696d27f-1737-41d3-a7c8-1bdb659e2a5c,consist,3
e3bd741e-2311-4345-8b4b-22c544a15f0c,freir,3
a8b96a91-6baa-4219-b2da-0707d2c793c1,cacophonously,6
02f561e1-d602-4d69-8b98-a425464f7bda,umbilectomy,6
c7ba8bd4-67ab-4b0d-b979-30fa4fa74945,squin,5
aecc6db0-4e18-4a7b-badf-353a6d03995a,whiny,6
fffc1f69-c84e-455b-91d1-c7f847069ff3,unappreciative,3
bc7584f4-6f1a-4877-b772-bbfb74ee4d0e,propylamine,7
70888d0b-dbe1-4163-b0a5-204c934bdc4a,intellectualization,4
d9875abd-aa38-43ab-a67f-d4b32961f1d8,overquiet,4
0d0aec58-529d-44b2-98a4-3a4f56243e15,panached,
207a924b-3619-41a8-8608-c8f6a35a3bdd,merocyte,
373221e9-2fc1-4293-a2e8-80459acef6fe,barrelwise,
b46ca0c7-9c7e-43f2-a835-9cdf76aa5a94,skellat,
ef9de936-9a3a-4c34-a5fa-4ce2e7431a32,rationable,
64c9851e-e8d2-495b-ba44-0cc9f653db4c,tangerine,
8c146a9b-43b2-4121-a112-26965a85c5b1,undesire,
f7d173e3-15ef-4d96-a3ee-51803b5f3db4,bituberculate,
43415700-4356-49df-90f9-24ec6872a4af,tainui,
c31d1223-2798-4173-8337-8aa99e707600,overmeddle,
61a10720-e200-4a6f-bdb1-b5361cb4d214,fancymonger,
ca8fb5e0-6aae-49c4-b772-18fa6d01e6d4,vaporingly,
3693f4cf-59de-4caf-967e-00effbb49370,carse,
d2b413ec-630e-4243-b639-f4e09b7c217e,elves,
8a69efc6-e4f1-4deb-b27d-adaddcbb1dce,herbarist,
a434b729-414c-4840-adca-f054220a6f07,utterance,
b4fdfc50-9487-40c7-91ac-0c52b1643911,madefaction,
f590fbfd-f073-4557-9209-f5a95ffbebac,theriodic,
e145a45a-4d71-46f2-a258-5dfe9f1d01fd,antifundamentalist,
1910aa15-7d2a-4884-a4f5-0d8a7b36769c,starchflower,
360f27c3-d677-432a-833f-7e981dfef16d,supraclavicle,
d1c3bb61-b1b4-4b7b-b545-10bd0a34622f,sofa,
b26d5275-678b-4e65-a732-1cd3f1cef64a,dearomatize,
160c70a4-b6f3-4f4b-958f-1bd27f548a76,tumatakuru,
db3bbd49-59ca-4851-b3dd-86a5d416d5f4,wren,
85d982fc-9ecd-4bee-adf6-f8c208c2a10e,langspiel,
46706cb3-6380-4a04-810d-54785bbb8cf9,rhamphotheca,
2898467f-a875-47ce-b6f8-55c03ffe64ed,retrievement,
43807993-0703-422b-aec0-f7bd2f9d314a,myelopoietic,
a9782b28-1bcf-48d4-af87-f34cdb2940b3,bhaiachari,
bf6750ea-d049-49f5-8194-236eb474a2a4,rollmop,
c28a7e0a-ea12-4c7c-b585-bc96fee2b7b1,knifer,
e4290dec-6560-44bc-b720-5530e0c268a1,teakettle,
cb12274e-4d3b-49d1-be07-da123d8ac2b6,apochromat,
4d068e24-737b-40f2-b489-d487f7a14e93,alertly,
37e96037-addd-43cf-a860-b5d63c25abf3,toughen,
da3562ed-2bc0-4dcc-8184-df93280e8e19,unbombast,
aa0efd93-6eef-44da-99b7-79372ec6f030,blameworthiness,
d87778eb-f7da-4555-a849-d7193a1e86c1,chrysatropic,
2d8992ef-dc31-423c-afdc-a9d2aeb20cf1,unclotted,
1b25f076-eeea-4374-a0b5-d885abfe0d82,chimane,
38cc448a-5c45-4919-bc4f-6fbb0c05dbc8,bronchostenosis,
9d15e2b2-b1a9-47d3-8051-d987378241de,semicostiferous,
53936e05-bb3c-42a0-ba23-9c60af7f6f48,didactician,
9396c720-67eb-440d-a41a-445409b74b25,archdemon,
1c9b031d-cff0-4889-892d-05627e1a470d,phoenician,
05a8103e-0fc1-4202-aa8d-6dc7b46c8731,gigglesome,
b966ab2b-4243-44b0-83fc-a8195e3814be,kabardian,
3e97141a-5ebe-43f8-ab76-8c8ca53a46c6,rubicon,
0c246f1a-148b-4462-ad21-af157388062d,nonintegrity,
df2415d4-ca2e-429d-a749-cfa4a41fbbd9,cretism,
bcfae1b0-1d00-46b1-940d-892c6362782f,fermentescible,
2bd2974c-e015-45d3-ae10-57ddfa8a063b,uninclinable,
535bfbf0-19a3-4fe2-9c59-75675f9031c8,meable,
edc86cde-7ad9-43d8-95a6-0865af641cb1,xylidic,
6126000d-5461-4fc9-a2c0-4446a79ddae1,legitimist,
c4b3c220-d418-489e-9ea3-39b145b56c40,midwestward,
d0cd901b-8928-41ed-8447-168eee266f2c,rool,
7f64af8b-ac43-46ff-9b4f-8a1bc81995c1,prerectal,
68a84fce-288d-411b-b5d5-4ebc366a26ec,trieterics,
2d39c406-f6ef-48ef-aa80-e951d51df36e,harrowingness,
b511879b-2c03-42f4-a341-d995ce0ec069,lapon,
2b00da3b-c1d3-4da3-ad7c-aa16818234b9,homospory,
4c3ee22c-b611-444c-a3b7-fd6f1f959136,prediagnostic,
39ded470-34ff-4ce9-9080-e709cada46f4,distomatidae,
8e086680-4aee-4a8c-85c3-6bd608868d21,baloney,
913caca9-cbb4-4b82-bbe3-8b3eb30575ba,dilation,
6dab0d0f-79c8-4dca-b937-93269dab6aba,pyroscopy,
2dd4bf68-fdef-4d72-9cc3-dac9f2730e56,gemma,
94c69236-0c50-40d8-a4d0-9bc9975ab461,unrecoverably,
1757387f-e274-4168-89d2-174fad7a0e46,myna,
8df61bff-ccdc-467b-b829-e3430ed93324,lithosiinae,
47b23dd4-b014-4233-a803-1d8f66423c0a,emulsive,
8ef6b12c-ef8b-44cb-8aa9-2abecc33ffa8,irrepresentable,
7fa03a48-a758-4163-bbdf-13234a334424,crispin,
c6894e12-4c58-4baa-abc0-1e98eb640e13,wifie,
4469653a-825b-4f5b-8ae5-3e9c4d06b6bd,formula,
8eb04ef8-d0a2-42ae-83db-5b77de755e54,spindrift,
636d9de9-3db7-4f28-a767-4b50f2927aa5,hebephrenia,
25950486-1ab2-461e-b0a8-abf09c0c3118,plaintless,
ffd2e097-23c8-4e98-a94c-2eed4783ad5f,scimitar,
f51e54da-d9f3-4756-8480-ba08d74672b3,dampang,
cceb8ff1-f674-46bb-871d-a1c8f7ee6f82,crankman,
e7ac5d8f-3d37-43b2-b520-90afa1a6288f,cyanoderma,
b0d4785b-127f-42f3-9298-8d3fa6467289,seigniorial,
2e48dd9d-fe91-42e9-8fa2-5e47d99a26bc,cacosmia,
49966f31-98cf-4f8d-a665-615f2d1a8f58,hydrotactic,
4cb05de6-4e09-4815-9480-67a0fd0949e1,antonomastic,
58a62d38-cd22-4247-bc4d-9c05af6782ad,woolworker,
adb3a335-749d-4686-b2c9-e95d248305c1,cryptosplenetic,
5b583f79-e2d3-4414-bdb6-46987099bbe2,circumumbilical,
455b0dd2-3e25-488d-819c-cd0cf1fc4b63,wanghee,
8f2e12cc-e20f-4f48-9472-6be6e0ad0b6d,mesonephritic,
0a91e7d2-57d7-4fae-b8b8-db6d72e2186e,augerer,
99daae4f-8087-4b9b-a44f-e294e13c488a,missileproof,
ecd77a05-d70d-4e6e-9155-8dfe71343955,decemvirship,
9e600ce7-5cec-44ca-a92b-3a35a7883b42,loan,
d44ea5cc-d825-4103-9c7a-fc6eb2e642a1,wappenschaw,
4a746991-13c3-426a-8a50-9d356b8e125f,uropod,
9447c00f-f2e2-4576-b320-fb578eeebda0,cystidea,
a0c9845e-b56a-4af6-bba6-b8a5488522d8,odorize,
ce118b16-0009-46dc-9bb2-e52cb093d00c,wearproof,
14129b98-dd06-4609-80b3-b33003a2ae15,bibliopegistic,
b17da361-be24-4674-8c3e-fbcff2e50e4c,kirsch,
30b58097-024c-416f-a619-77e9cd8f8615,overpayment,
af1dfa6b-c7e2-4088-9cef-d6944783ee03,sesquihydrated,
8e7b4074-3db8-4a00-8447-4f9228be65ca,supramedial,
f9c39c90-88ad-4b48-9ff5-3ed90167585f,epidermatous,
065ddca1-4700-44a0-94a4-4f8e7b38793e,dermatatrophia,
72f9cea7-4b99-4ece-862f-fd3b2b0494db,decimalism,
bc208187-2362-4c8a-8d87-242cf8a9fbc8,pooly,
b8dcbd90-2f9e-46f1-aa1d-d5fee2047613,nonteetotaler,
ced77b2e-0f70-4408-9ad2-345d98350de7,thumbstall,
bc211e0d-1b9e-4f03-bb4c-4eda94e9147d,transcriptive,
0f9ca208-251d-4967-965a-776a531ecb5b,preacherize,
9febc99d-5709-4b38-a6c1-5397bf204241,bankweed,
330566ce-e69a-4d5e-acd4-0a359f5341db,riparian,
5c0c8f71-1028-417a-ba7a-f9fcea3e9620,homomorphous,
b7659c18-be67-4c25-811d-28bc603c8398,conspiratress,
778650d8-b5fa-47c5-afa1-2c92e6d7aba6,acutifoliate,
f6e29f4b-40ac-48f3-8f73-df628d636713,hemiditone,
8d05fafc-286a-42fc-869b-dbb480aa9eb0,adjutant,
1e773a75-39a0-49b5-b5d7-c4605650f085,pandership,
abdc7827-7cfa-49c1-b35a-b558ddb9438e,flatus,
564be888-8711-4be6-b997-db27c1899480,frettation,
fe085df7-9b42-4c2f-bbd9-a1bb82df8c5b,prudent,
4a3cd4c7-d468-453c-a6b0-5e4be231a4e7,foredone,
4c352269-54ef-492b-8ca7-35defb7b5c81,thialdine,
9c4a1c37-327e-417a-b276-ab9e95a02e03,congratulant,
4f15878b-e970-443f-b379-6ccb6a85b513,polyzoan,
263682a5-fc0c-491c-82fb-e13997dfcfd0,tody,
21bb57e0-848d-4147-9de0-65ca103f5c43,protosiphon,
d0c331a2-da82-468e-8396-0a434632248d,counterexcommunication,
b9781027-45bc-4aa9-8adc-3b82b5d0002a,struldbrug,
5f9d8955-98e5-43e4-8062-44dbac1393df,teasehole,
e07680cf-f259-4476-bc15-394a9dc18270,rehouse,
32c4ed48-db83-4714-9a15-64c5f5f19b4e,quinquenerved,
a9ef919b-b9bd-41b0-b996-dc99542c0b4e,interocular,
89aeb8b6-73f5-45f5-ad67-ec47884613af,okshoofd,
dbe319d4-b9ea-4f48-8345-75df1527a8d2,enucleate,
525f9e5d-3243-424a-9336-9814139ee5d4,keet,
e2096375-5a7a-42b3-8c9e-ffc2776c332f,sternovertebral,
5468dbb1-5d12-4d1f-b802-e03b621da56c,cacothansia,
d1217be0-f1f6-4211-ba9f-ec412d4bb38a,antiejaculation,
efcffb53-62f9-47fc-abdc-7ab650217351,brahui,
a6236793-258a-409a-8c04-b0120d82a117,mycelioid,
d6c010a3-2d8d-49eb-9a51-3fab97192d96,thiophosphoryl,
fa63650c-9552-461a-bb8a-2dd3e585b587,unbreakable,
f0393c3e-e438-41a1-9fd1-86f90ac5661c,patriolatry,
94eae4d3-ce52-4be8-83d5-e2b9b527930f,creatureless,
1646340b-fd69-400c-9d5d-868bd79a1221,swanky,
39f53985-123a-44d9-ba88-170fd67ebb42,jowl,
3410c435-bdd1-4a75-84c3-4c170a481722,unrioting,
eb33bda1-7f63-414b-baeb-4c996eaad534,tuke,
d8807f75-5f55-4ca1-9493-ccd9766bd665,strow,
746bbe64-1ba9-4ef4-acfa-fa58cf2d1315,pteridospermaphyta,
6ca3e149-33c8-480f-94eb-6cec8e35fd4a,platiniridium,
3109743a-ed6e-40e0-9caa-deb15a5d5e9a,sipunculacea,
f94839f9-782e-4480-93ae-b0912657e55c,ramex,
689df84c-5dab-4ff5-98d0-f7f7c6a8fef5,caseinate,
8621d825-fe04-45d2-bc13-d7c7e6159fe1,conceive,
b8fa426d-4885-47e5-a672-2b41f75248d1,chiviatite,
01276454-2783-4ca0-b059-90f66f2fe12f,hammerbird,
a88e0c70-0259-4228-b92a-7f5cee863ec6,latinate,
be6ebfc6-b740-4662-8efa-947bcadaccbb,reasiness,
273f618f-9648-4886-9df0-226689dd04f1,vedro,
abf8bf7b-5b6c-4c73-b499-8fa4525fa846,nimrodian,
d5b98476-f7a5-4b8a-a7a2-48cacb7b4602,microscopium,
a3783544-3e2f-4ac9-9d1f-f75a8b266fff,unepigrammatic,
11cf4393-6096-4598-8540-21c418f9fdce,fleecer,
b7ddb7ff-2c8f-4e2e-840c-3f5579f23c52,teleophobia,
c09dc979-9a6f-4b52-8ee4-d9923d7326a1,dion,
df6ace1d-998f-4d22-978b-79df14308695,unveiled,
ad889464-dd7f-48fc-afea-166f2a00efba,wagnerize,
9c918800-765c-4d09-b271-ca73fc826370,melioristic,
65d63956-87f6-48a8-aec8-5511969ca111,unceased,
c1b45277-f07d-438b-a8f9-4d654d7d1c5d,unfarming,
565968c9-7752-48c4-ae73-9b1221341532,pistoiese,
f1b40703-4fc1-4ab7-bf0c-af6238d5e93f,khilat,
c5694695-91eb-4bbd-8ecb-b15ad3cb137c,bothnic,
adc0d975-f5e4-4ffa-8efd-4ed9047deb09,subkingdom,
229a903e-2288-4b5b-8cfd-f4f09e360460,naosaurus,
d9c9c167-bd80-4b22-9161-44059d2ca46e,hempseed,
e4939aca-1d9d-453a-9480-dd62ae789301,praisably,
d240136d-23fa-425a-b21c-b3ce68e4f792,perilously,
bb3b38a9-6ead-40e8-a5f2-3fa8fc15eac4,landgrave,
60975695-23d9-4145-a0dc-5cb6c33e9803,iodotannic,
3aac7874-8572-4163-94f2-647436b0e035,undiplomaed,
22a97a20-ae6b-4ad6-a67f-db06a36898df,gulaman,
c8722b91-090a-493f-9c4d-713aed3f5298,dysprosium,
b063e02f-885d-41e0-823c-fd7442441ebb,dibenzyl,
ad88d4c0-225c-41bd-b4d0-6dc42577913a,cagey,
0e48fe87-e7c8-4d62-b350-2f9432b8b8d4,wear,
5884d4af-8eae-4910-a9d6-571fa0a9674e,rhyparographer,
eb3da692-7844-426c-b3e9-bea07115fc7b,contrawise,
1c292842-9764-4246-8a7f-f2a9348c5163,sphaeropsidaceae,
3ac863c9-ae44-49f9-803a-d03bf391db50,wayhouse,
60c4eda2-d658-4fed-8db5-2dd7efecba36,puritanizer,
04704d23-6ba3-4dda-b84a-057d50ec757b,humanification,
d04dd5fd-1377-4524-ae79-7421a9d235d9,feodality,
a58ff396-10f8-4703-abf5-91c555a311f4,consularity,
c7c11a06-ee44-4057-9859-d7af0554b043,nonechoic,
9e8bf4bc-bf65-481a-a595-fec610d4f9f0,bracelet,
87ff6bc5-da3f-4cbc-9736-64252650914d,downweighted,
3a8f927e-afaa-48da-8688-6023546a0883,perhydroanthracene,
d3759f5c-4d19-47be-82ee-0d5a670fbbe3,ported,
6fab2892-841a-4e36-acdf-3385d7d1aa11,mouthing,
4371c58f-fca6-493d-806c-f258ff9179d2,debtor,
23bcd1a6-ea4b-4f5e-9774-d69519ef8927,uncloyed,
6c8645c8-d9d2-4b50-919e-7c541ffed0c5,waganda,
17bbecaf-d270-4fb6-aa3e-02f35861f3c9,prefabrication,
d53c18fc-f3f7-44a5-bc96-43f27d2d9fd1,echeveria,
f3019262-1e5f-428a-a62f-fba3274a96af,misbode,
3630b6e6-860c-444e-ad63-b51427c507a6,unadjustably,
132dbe60-368c-4225-ba9f-60d1bfa1ba7b,sixty,
f184eaa0-185a-4b27-8bdf-f167e38519ab,cosmopolitanize,
1c930eb5-fa60-4048-a44a-b2e5bf54d36a,diallelon,
0bea7790-e75d-4263-a1b8-4f9ee2f1691d,posteriorums,
cd9b5ee2-fc77-4d93-a408-3e2d218c7092,staggerbush,
413b9c82-1117-4b3b-98f8-4301857a991b,selfhood,
bf5e8fee-a8b6-40ba-85a2-6f2c16bbb301,multivarious,
c8ee4ef2-09ba-4c45-908c-4788f000493a,tartrylic,
69e7581f-2257-4890-821f-f372f84ab327,undergabble,
51d67b4a-b178-43a2-9123-9f2252ccf817,sternutatory,
10469372-993f-45d8-9973-3da1e7f6b6e2,thersites,
1da6a43d-0ce3-4d62-973f-8ebca4c0ecd8,sternson,
af02d686-2901-4f35-9b5c-7abe2b943e3b,hueful,
424ee0ef-466d-4991-aec0-3c43a5a052cd,metalleity,
f036c09e-bf09-45eb-a262-f1f09a3a2fbf,sulphopropionic,
cfc6ab65-f350-4c44-bb46-cac843cbd003,tarandian,
91f262db-ccb0-4e2e-b92a-0d6045d704e9,cyanicide,
aa7f9caf-1d99-4c3b-ab4e-83a5a30bc5fd,featherfew,
57238721-0336-4dde-9960-dac7eb52bb0c,bewhistle,
5fe9232d-7595-45bb-8927-352413577f81,olena,
8672dd6e-3c14-4864-bf82-f89d3ff58063,heroically,
0cb0c491-607c-422d-a34e-e3c02fec804a,syenitic,
534ce4eb-b320-4c9f-b301-18182a2452a3,glyptology,
7d271e43-096b-4f03-951c-1e9546201363,mouseproof,
f7e049b4-7e14-4b36-946a-7d459b8c5f5d,saw,
9b20d789-3c1a-4b41-89f2-32119b7ec57b,unerring,
d1577f25-326e-4aa7-9864-9e25b1b46329,parasystole,
5a0eaff9-d35e-4c5b-9852-99f5bb2b79ad,zeppelin,
c4e0a507-e520-4bde-87b0-2f2fcda1d7d7,zoophoric,
576f4c22-774d-4116-8002-ee8c5f443f71,proteus,
dd51ce25-6a98-49a1-9e40-8b3a7f7f9cdd,sanidinic,
6e6bf7a7-7f82-44ec-8354-640bc4a4b1dc,bespurred,
daa73757-8757-4dec-bbb9-b0c4b4bee262,lamiidae,
791d6e63-1d53-4a8a-b8b8-63c5f0f2f4d1,ushabtiu,
150dc157-ec67-44c5-8165-aa6aec1bd3cb,sailorproof,
85fda01c-d9ff-437b-9f7d-67ff4211ce6c,disconnecter,
66b2e709-ff63-4642-a975-d9e511d0d3ab,tubinarine,
ccf5ef1c-ef22-4798-9c5a-93dc09847cf8,camp,
e7b11282-73d4-4063-8499-ff63ab9bb26a,noncoring,
df710227-c653-4131-aa02-495e9ad38ca2,gyps,
e0976c34-463f-4cde-b78b-7b8dd39dd801,infusorioid,
7fbfffc3-95cc-42ad-912f-1fe23d779a43,photodynamically,
57e4d7d7-b0ad-4acd-a910-1387f660323b,progresser,
21b5bd98-c32b-4e9f-a57a-995fb1087029,kerrikerri,
0dc08327-c58f-4172-b26f-4f8200e4bf8c,unemancipable,
edbad431-918e-4727-8172-433cada0ded8,subdominant,
8cc2947a-a2f0-4ab0-be3e-d78d98966fdc,youthlikeness,
73a43794-f96d-4ea5-9704-a1786e969e36,solidus,
cd08f333-d596-435f-8bd4-7a6dc48b40fc,polyzoarium,
8e014ab7-5158-4cfd-8aa8-2c2af24f4982,pantie,
e4d0f1de-beff-47dd-92df-272ff4eb5397,diphyozooid,
900853ed-6751-45fc-a478-6873667eec30,ultraobstinate,
3f30546e-f833-4ca5-bb35-b32727fefd72,tripaschal,
8454fcd7-cbea-45a5-8b2c-0f18e9b3edab,arvicola,
a9de14d9-0f2e-40ee-8692-c380393c3079,autochronograph,
3766a332-e8be-4f96-87fe-2f401420fcf7,tangoreceptor,
40fbe991-b04e-4010-9792-4dcb1299180a,myrothamnaceous,
88655b6a-d4a5-416f-8a42-6295b825a35a,unelucidating,
e115397c-e923-4699-b1d7-39759b107fc6,venenosalivary,
b5fb8df9-9f23-41e6-9f7d-354e9d775825,scrimer,
cc0c0b44-1b1c-4f8c-a5a7-f0d6db301d11,urao,
ea55954d-9e1c-4a71-894c-8ab544e87ac8,befavour,
2c502490-3213-42d8-9bc5-8684c47a318c,receptitious,
1a68f057-3bc1-46f1-82cf-9be9ad5aab5b,unpersecuted,
70b3b112-6395-4099-b746-0eaebe61ab35,rhagionidae,
446eff31-b354-470c-ae3e-5f626452df92,enjoiner,
27d6053e-aae0-42d5-a471-4cafd2088a30,orthoveratraldehyde,
c181739c-5f1e-4205-9e78-d0aaafa74c74,cylindrella,
f8b97829-e277-4c88-8b56-a36549d28e3a,heteroerotic,
dc7b197d-80ec-44fe-a3bd-34290843ef23,basihyoid,
2ea737fa-798f-459d-b240-d09f40f03e7a,calcographic,
25b8e021-ae3e-4d29-9285-b7e2bb3c87bb,uncomplaint,
af19ca15-505b-4fc1-9ad7-d45b41b07bda,brewage,
503c0afc-4a88-49d7-882c-07a85dd00091,sebesten,
3f678b38-3849-4343-98f4-069b1d0b4fbe,killy,
61e28ede-0db2-43eb-8177-3e495d2ee916,cnidosac,
50dbce71-ee02-492b-a04c-619997cc053b,methine,
bc82d9ec-11fe-4e88-97b7-5b53d217354c,growingly,
9e57faff-c8bc-4560-a3e7-8a0a4375ebce,opalish,
75a7bbda-d58a-48a6-9fbf-d22cac1745dc,incorrectly,
8cd9aeb4-06c2-4961-8d7a-53cf8c8632c6,commoditable,
5f398248-22b0-4221-a4d4-42dc63d341ac,unwept,
dcdb893e-be11-4509-9621-6c9d07f0dada,zechstein,
36da7822-9e3b-47a4-87c3-56ff2c9f1705,toomly,
88b63475-4e2a-41d4-88b0-9154258f98ba,animalier,
9416b632-31c6-4b96-a24d-6e69d0c0d2be,idolistic,
b12f93b2-616e-48d0-badd-882a5151b417,vermiformia,
01e67dd6-127f-4eef-944a-55b53ceb54bb,pacificate,
493cecf6-d0aa-40da-84fc-b9ec61636051,eupepticism,
86806db1-e362-456d-98af-9349e952eef0,princecraft,
d46ce946-4963-406a-ba57-178f848257c0,pinpillow,
9ac3c783-6591-4feb-bab9-63ea4823b3ba,megotalc,
f105be89-5adb-4ed5-8bbd-e0b288597e69,subjectable,
561902de-d2a6-440a-905a-4ea1578169e3,washbrew,
53776dfe-a7cb-4b4a-a949-5f336e90d512,natator,
b5c89d49-8985-4304-a773-dcbc85261bb8,sireship,
e436e47c-1b29-4aba-b76f-14ceb6007413,socratist,
e853999e-2320-48a1-a709-c92c7abf64bd,catheterization,
29aede78-5c10-4d3d-a380-57384d9cea01,netherstock,
0f85bdc7-0eee-44b7-8c42-92ed1a565954,allioniaceae,
7490bf84-649c-4dd1-881e-fc3ec64d4559,axal,
f333cd2d-dab5-417b-9a75-fc053d11593c,zamiaceae,
823bbf99-859e-4fe4-93e1-80262bd129c4,homomorphosis,
24d4d726-46e7-492b-95c7-97cc5fdda3aa,infrigidate,
418f7891-dd5a-4ce3-bd1a-d46fc83e6a00,diplocephalus,
451a2e3d-c537-482b-9a6d-68ebd6ba5cc5,gymnosoph,
eaf22516-dc0c-4842-b0c5-e81c176b3b53,proxically,
8b37399d-eb99-4f10-9776-70373d6ee5d1,peguan,
759b3b61-2e5a-4a72-9072-fee022914cf4,fountainlet,
0d0efbe7-c82c-4bea-91e0-ba2f4429fe8f,chamisal,
5edaa661-248a-40a0-bfb9-404a4ba005e3,brachydactylic,
dacc8dfe-6f99-4ad0-83e4-209a5934210e,scintillantly,
1f0e21e1-0166-46fe-9d0b-bae004a79eb1,mickey,
6bff1ae9-bea5-4f26-9243-7b7d3b6317ca,gangliocyte,
981bbb13-6cf3-4739-970d-72b0ffe1f6f0,caliphal,
69e11451-4be7-4c4e-bfe6-bb99065e2e8f,surfrappe,
c7a5b675-67cd-4fab-abde-d72cb1b55a34,scabid,
bc3d8eaf-6146-4e59-b9fb-4d142f555a24,pleurosteon,
ead2aa9a-d398-4c64-aff0-6c46701a9645,blackleggery,
60140f43-c49a-4de4-aead-d2337a0fe61d,loddigesia,
ef2bc7d6-d39e-406d-9a81-d4bf09e3baf3,semiclimbing,
26af40db-6c62-4a3c-9690-8fd202dd9c5e,semisegment,
6dead7f3-eb9e-40c4-a6fc-363e84a5088e,disguster,
5eea95ad-352c-4960-b3d8-c4f2e9871bc4,deviability,
7605c165-9f60-4f8f-9f2a-239d83b0f1eb,autoactive,
e5c6c366-fbd2-41fb-a66b-8ae502b447a2,regurgitant,
6531b3dd-d095-4a69-ad7d-f5419de12bfe,adamantine,
47883d16-79c0-4c4c-b79e-e75d3ccc06db,viny,
67f144ee-0330-47c7-acc1-5047ec12e849,finialed,
ff76a454-8341-498d-bfd0-b3bdbc97494a,triconodontid,
bc8811f3-ef31-436a-be15-6f895f386205,photospectroheliograph,
9d5f6fa3-aeb8-4454-a355-d2f25e03e633,uncoguidism,
7c4fcb24-50ed-4f51-b448-047f3655340c,guilty,
3b3a8070-85aa-47c0-8fc0-9f2cd4348b68,tubularly,
426d56ec-d68d-4075-b8e6-e37582d4c948,overproductive,
f5f11404-76fa-46d2-8396-b6912ebb42fb,anabrosis,
d3c8b7ef-3533-4dc2-9da1-74738f4e411d,ungainful,
a33c33a8-e955-46ee-b93b-a4cfbcd98d8d,monotonical,
cacb8f52-b12d-4876-8bfd-83babecf7a37,telechemic,
490b10a8-2418-4a1d-8634-f8a34b882cd1,witepenny,
86382828-9770-4272-86b4-07ecf3c53cbd,aparejo,
3f67a25b-210c-4ba8-856b-85276e89b188,swillbowl,
80c13249-e932-46bc-bcb6-5a6dfb4912ef,matricidal,
527b2878-9453-45d8-876b-69bbd3c43c7b,unmistakedly,
6a8f07e6-36d6-4dff-87b0-986d210cdac1,subduer,
77425dd0-def8-49f6-b708-4f886dda2ac1,padstone,
eaa8c409-b7b0-4904-86c8-9230d260fc6c,iatromechanist,
fba75349-7e45-4f83-8258-625e2a413fe0,astrict,
6b76ab72-c5ec-4d9c-a534-d2d74a8303e7,outsail,
56985fbd-be63-4287-b9a9-205281c3c600,reclusely,
c3ff95df-50bb-4381-a22d-95cd23066b1b,unappropriated,
1eb32d0d-71d8-46b7-b115-24148cca6d5d,forebless,
9a6900c2-783a-4a7b-8400-c58d0f767f54,carpophyll,
64eeef52-19ef-482f-9ea7-02cf32079163,acheirus,
b5c9b5dc-c99d-4fe7-9343-86f919634409,utopianist,
f6995011-244d-46eb-8039-9438796cbc5d,deathfully,
c088181d-ab87-48d7-9e39-d4941da42354,diabolical,
1a2b7a08-a8f2-4143-8c21-f9d74e1bcb85,nordicization,
00875971-1820-4d8d-8de5-51d17c9e4005,monopectinate,
a7324f32-101a-48b4-9dae-9dd2ac7a9367,unchurchly,
782422b7-32c7-4476-a39e-f680070fb99e,podeon,
40cfb253-c2d7-4f75-898e-11c6a38ad0e0,balneation,
4b8574bb-337c-4d7b-9bb1-6c8a1bf433ba,lackaday,
4f94c071-0913-4863-92d8-4086ed9d43ed,luteinization,
02b757c4-767c-4b51-93a8-a002bbb0c1a1,indigofera,
f4fe029f-5f6f-43b4-a432-cfd518162bc1,jurisdictive,
3d2c2516-b41d-462a-9fec-cb3c98930ba3,insubmission,
dbb8e2c0-5358-4e6f-8b4c-aea51099f283,soumansite,
448e1755-f9a5-43a3-b722-c8ffaf9bc218,deaconal,
b0022c04-cdba-4e34-83f3-4954af5fb4e0,stadic,
4bde6d8b-045d-49d3-b058-7af7b06c1a41,estragole,
9178fa19-813e-47e6-80d4-55f35906057f,legitimately,
35a99573-c133-4b62-8529-7caa34ec05d2,buhl,
331c0fc2-bdfe-43b0-a70b-e6e21958e50e,phlogistication,
488b8b6e-ff59-4332-bfce-41b70ca997e0,slackly,
073d4d2d-b7b2-4e5e-8282-a8710db57304,apyrexia,
3c110057-71e5-44c0-9a26-6b6847fe9e35,exuberantness,
8039518f-ce04-4fd3-a306-1a7ab9ef0eed,enthrallingly,
076914cb-89a2-4310-8e6b-653298782007,stupefiedness,
e0334821-f2f4-4da2-ac0a-72aa4a6e6e27,odorous,
dd0da3d2-8657-413f-97c8-4dc8f50bdb7a,dravida,
1883aac4-0276-47c2-a72e-25df092f7ecc,undeprivable,
e5970e6e-6ae6-4dce-9717-dda5ba45705a,unwrapping,
897ccfbe-f3db-4366-ad57-3e0d2bda998b,fitfulness,
458217ad-8de6-4576-87b7-5edc303c1319,motivational,
d68ff62a-ca0b-4546-ae35-9e8c34c62592,serow,
85788141-4525-4336-aefe-0f4b1ea7b825,toothdrawing,
2ae5902e-63b4-4f2a-b356-4d7d49dee8fa,unsearchable,
3f67a46f-a838-48e2-9639-7fb3a2c46666,stallment,
cbdd0c58-7cd4-494c-89de-7b3dbc673f8d,unvenom,
2c050d74-cd16-4ef1-995b-a43f06bcb71c,pistoleer,
977d5df7-c479-4b99-957b-e050ca4afcce,masurium,
9f652b4a-bab1-4b89-93aa-a3d4474f01ee,whipking,
91a74487-7008-4bd6-8f11-ae4f5054dc10,intervallum,
680a3931-01eb-4063-a181-d486f90780bf,facultatively,
eb694e1e-5b48-4a82-99c8-787380df3aa2,sassanian,
dca09f70-70a7-402a-ba04-88f4d38baca3,gimmer,
26bd79bf-0e46-47a1-813a-51933c703a25,trimming,
1e717625-3531-4b27-b7df-78025a9c8bfc,chronaxy,
d7bdb832-d9f9-4538-9b46-230383e54d76,barking,
79ad07d9-531e-4b29-badb-5435859101f3,greg,
8849f8d3-aeee-4067-84b9-f15ffa20d2ff,uncinate,
7f50d477-2540-4195-8c0a-d8d476c7423a,unconclusive,
9acf9552-4974-47b6-bdf4-a7f79fb021ca,tarnishproof,
c54dd918-5c84-49e9-b1e6-0051f4726813,akaroa,
aba2dc72-4da3-42de-b012-d3e267174001,bromgelatin,
3dbfa349-3454-4f9f-865c-f14752b08045,nontreatment,
858d40bd-0068-45ae-a926-d87a3b494049,kirkyard,
14ba0f7a-1306-4ce7-8061-7808266ba107,noviciate,
0e1d7105-fb7f-4bff-ba0a-4ff2b7948d64,utterancy,
2266da12-c9c6-47f7-a43e-dc60a4f641f4,endosternum,
a9d3a5f8-2a1c-4c0a-a026-9ce86ee9958b,adrenocorticotropic,
f48187c6-3625-486a-88c6-451d635f4249,tiberine,
db72e175-ab75-49c9-ba3f-c7bf7f5d1757,beatrice,
2b0f59f3-49fe-4065-82d9-cd13ffeaf069,overrigorously,
4d3f2382-4391-412a-b0c9-d5ca7df71ead,bewailment,
7873d2fc-e37e-41e8-82cf-56d0aeee43cd,pterygogenea,
701e0959-d480-4c55-a775-eec6e6b49665,tarsomalacia,
5b632577-94f4-4815-9e11-9b54dc77b7bd,preselect,
fccf86ea-ceb7-4bde-87da-e789ffa0987f,impregnant,
334092b7-ec81-44f3-958f-c9f4a1e8ecfe,microcolorimetry,
d314375b-a936-475f-ba1c-32e6f3539c90,polychaeta,
c8c0f120-563c-426f-b162-9a0bcbe30050,callous,
2cb0bf0e-af4f-4982-98b9-86e1218edcd2,hydropneumatosis,
22a0464c-2bac-46d1-af1b-95d6155efa5e,nonoffensive,
18289e7b-748b-415d-9b18-88416ce821bc,morrhua,
825dab02-d5fa-4ec9-a7ae-09d5a90ddebc,sporadial,
1fd49d83-b557-4824-bba6-60e5286af22e,antidromically,
d95855df-76bd-403f-bd5e-f39951e820e2,claudio,
c5c4ddbe-8bbe-44b2-936c-f7bbf0fba202,thioantimonate,
beacf050-3338-4ca7-a25c-1fb813cc4147,abdominocentesis,
d8c9511a-1ee3-44ba-947c-5d0b0eb9ce5f,apomixis,
95e42a99-0f75-4287-92b1-ed8cd5375335,korari,
40b928d4-1250-4d36-8e24-01bdf64d306a,checkbite,
2a530334-9cc0-4816-afd4-f2eed2b361b3,animately,
ac0430a1-375c-4299-87e7-1f859e0a4b26,hypermetamorphic,
179630d4-1654-45a9-ac6e-b5b1589eb909,notungulata,
757540bb-a329-423a-8e09-57e0136afd7f,unpurloined,
6213e0d5-93ed-42e0-b539-f7e2b5b82471,teacheress,
f517c3d0-b867-4093-8a2a-da3dbb3a40c1,concanavalin,
42f16ab9-fb48-40b1-9b9e-4287548a66ea,denaturalize,
4cf37b0c-7cd2-4b8a-aedd-25ad331d0471,bellbird,
9705cd70-e275-47e0-bc17-6959f14cff82,today,
71c2024e-6647-4bff-b8a5-d0f4fe6eac85,dapedium,
57479935-0a04-481d-97cb-74041cb3a909,metropolitanism,
c8135ed8-c9c9-4e92-8c17-8502c0183889,uncompressible,
fefb016a-876a-4ef0-abfe-437b3fb509fc,varigradation,
eb238045-4f51-42ac-808b-0a7977504000,superexport,
726b3201-402f-4721-9376-bf20665c58ce,gymnoglossa,
1bb8d6e8-95d4-4f0d-b5c8-a23c8a61a5c2,significs,
873d2cee-145c-4715-abf3-8249fd999f63,somatist,
3131787a-d900-47e6-a25c-8d38bc13e5be,kinetochore,
68f18e16-f03d-4059-925d-97446488794f,cordyline,
fbac2368-e821-4ae6-be10-5b8d05fbf04a,valoniaceae,
f332cef6-f371-48f0-a7a5-1f7d30d3d544,ostreodynamometer,
ac7b5f7c-d431-414a-8df4-4c232f8a09e2,contributively,
c76f49e9-9ffa-4703-89b8-e80af3611f77,cyphomandra,
f6bd1e44-4daf-4411-853b-04fda3dffd5e,stabilist,
4383483d-9ea9-47a7-a6bb-54f693ff7b09,tautoousious,
9a4d48d8-fc01-4c4c-b91a-78fcb5a0cd9a,frumentarious,
b92f6e28-ea31-446a-87fc-2e04c90b7e19,ambury,
918e2d31-b09c-4890-b1c0-8b73808e91b9,petroleum,
08147f64-9ecd-46fe-8e03-0408893b1105,forsterite,
019b3707-99d9-49aa-865e-e4d6127e2f3c,amoralism,
261844d0-6dff-444d-91be-b9c1507d06cd,commelinaceous,
e2588989-934b-4240-b9d3-7635d76c0c20,spirorbis,
e3109643-fe65-4e01-a16d-6f05b3d7c6f0,hexamerous,
749d4a69-0912-41b0-ae9c-a344c6adc95d,bill,
8b00c73a-8cbd-4c18-9477-fd2525196e3d,bacis,
877dda7a-914c-473c-b673-c7c57bb5ee28,fenestellidae,
c5d1fc9e-b5a0-419b-a905-63bfd169fd73,uncourting,
d3afb714-061a-4e79-8272-815a8be8c1c9,electrotrephine,
446ba86c-d732-436e-8a50-7c5b7334f9b4,adenoidal,
3cc35695-393a-4909-b7c1-f8244cc9b36d,nonswimmer,
d9fac9a5-f79a-4920-8b58-94535d207c6e,anoxidative,
0812450d-7162-497b-8a06-c99574e88616,oxygenicity,
4f9015c0-77f0-4544-9bed-8c6e3306ef2d,gauziness,
04b57871-2842-4440-ad6f-b238ae2277aa,hegelianize,
12e2c639-d6d0-4dd6-846d-bfa6c51f02ba,constrictor,
20db6da0-183f-4824-933a-88d7d1ae09b4,wottest,
81c10ab4-c075-4af3-adf4-52f05ed9f728,pinchgut,
2e9a3570-767c-44f6-9890-aeb04bdb92f7,soppy,
95681705-bd23-4e49-ba27-5d2330afc20d,mycodesmoid,
2e1253d5-fe6e-4726-87e0-0355d4384022,cabreuva,
601b9cbc-75e3-4daa-94a7-cd984fd00bd8,prehumiliate,
1562badd-23ea-49a3-ad7e-1efd1fac39b3,kibosh,
